엔엘피	NNG
예매	NNG
기생충	NNG
버닝	NNG
더울프오브월스트리트	NNG
밀리언달러베이비	NNG
셰이프오브워터사랑의모양	NNG
판의미로오필리아와세개의열쇠	NNG
인셉션	NNG
데어윌비블러드	NNG
라라랜드	NNG
러브레터	NNG
봄여름가을겨울그리고봄	NNG
소나티네	NNG
버드맨	NNG
매드맥스분노의도로	NNG
위플래쉬	NNG
혐오스런마츠코의일생	NNG
베스트오퍼	NNG
좋은친구들	NNG
록스탁앤투스모킹배럴즈	NNG
아라비아의로렌스	NNG
제5원소	NNG
안티크라이스트	NNG
그랜드부다페스트호텔	NNG
이레이저헤드	NNG
500일의썸머	NNG
반지의제왕두개의탑	NNG
반지의제왕반지원정대	NNG
반지의제왕왕의귀환	NNG
그래비티	NNG
바람이분다	NNG
디스트릭트9	NNG
마터스천국을보는눈	NNG
스내치	NNG
록키발보아	NNG
저수지의개들	NNG
현기증	NNG
택시드라이버	NNG
파이트클럽	NNG
양들의침묵	NNG
록키호러픽쳐쇼	NNG
레퀴엠	NNG
아마데우스	NNG
쇼생크탈출	NNG
블랙스완	NNG
노인을위한나라는없다	NNG
바스터즈거친녀석들	NNG
파고	NNG
펄프픽션	NNG
2001스페이스오디세이	NNG
시계태엽오렌지	NNG
바람계곡의나우시카	NNG
센과치히로의행방불명	NNG
살인의추억	NNG
올드보이	NNG
장고분노의추적자	NNG
박쥐	NNG
대부	NNG
킬빌	NNG
복수는나의것	NNG
친절한금자씨	NNG
컨택트	NNG
뜨거운녀석들	NNG
블루발렌타인	NNG
인사이드르윈	NNG
팬텀스레드	NNG
증오	NNG
퍼스트맨	NNG
레버넌트죽음에서돌아온자	NNG
블레이드러너2049	NNG
시카리오암살자의도시	NNG
쓰리빌보드	NNG
코코	NNG
라이언일병구하기	NNG
문라이트	NNG
덩케르크	NNG
옥자	NNG
맨체스터바이더씨	NNG
늑대아이	NNG
뷰티풀마인드	NNG
사랑은비를타고	NNG
곡성	NNG
이창	NNG
헤이트풀8	NNG
스타워즈제다이의귀환	NNG
스타워즈제국의역습	NNG
하나비	NNG
갈증	NNG
불량공주모모코	NNG
키리시마가동아리활동그만둔대	NNG
돌이킬수없는	NNG
님포매니악볼륨1	NNG
님포매니악볼륨2	NNG
레옹	NNG
마스터	NNG
분노의주먹	NNG
더헌트	NNG
조제호랑이그리고물고기들	NNG
라이프오브파이	NNG
킹스맨시크릿에이전트	NNG
허트로커	NNG
나를찾아줘	NNG
트레인스포팅	NNG
드라이브	NNG
인터스텔라	NNG
지구를지켜라	NNG
에이리언	NNG
인랜드엠파이어	NNG
아메리칸히스토리X	NNG
킹덤오브헤븐	NNG
샤이닝	NNG
세븐	NNG
캐빈인더우즈	NNG
더록	NNG
김복남살인사건의전말	NNG
멜랑콜리아	NNG
메모리즈	NNG
이웃집토토로	NNG
테이큰	NNG
업	NNG
페이퍼맨	NNG
파란만장	NNG
열차의도착	NNG
달세계여행	NNG
그녀	NNG
칠드런오브맨	NNG
심판	NNG
노예12년	NNG
헤드윅	NNG
300	NNG
모던타임즈	NNG
아이즈와이드셧	NNG
아포칼립토	NNG
케빈에대하여	NNG
소셜네트워크	NNG
악어	NNG
설국열차	NNG
잔다르크의수난	NNG
뻐꾸기둥지위로날아간새	NNG
이벤트호라이즌	NNG
가타카	NNG
언터처블1%의우정	NNG
매트릭스	NNG
풀메탈자켓	NNG
신세계	NNG
가면속의아리아	NNG
록키	NNG
싸이보그지만괜찮아	NNG
트루먼쇼	NNG
피에타	NNG
해피엔드	NNG
파프리카	NNG
토이스토리	NNG
모노노케히메	NNG
포레스트검프	NNG
다크나이트	NNG
공동경비구역JSA	NNG
괴물	NNG
아바타	NNG
호스텔	NNG
킬빌2	NNG
스토커	NNG
프로메테우스	NNG
메멘토	NNG
큐브	NNG
월E	NNG
악마를보았다	NNG
쏘우	NNG
어벤져스인피니티워	NNG
어벤져스	NNG
봄날은간다	NNG
벨벳골드마인	NNG
어둠속의댄서	NNG
러빙빈센트	NNG
핵소고지	NNG
마더	NNG
캐스트어웨이	NNG
레디플레이어원	NNG
사우스파크비거롱거앤언컷	NNG
캐롤	NNG
우리도사랑일까	NNG
1987	NNG
스누피더피너츠무비	NNG
닥터스트레인지러브	NNG
5050	NNG
혹성탈출종의전쟁	NNG
윌레스와그로밋화려한외출	NNG
한여름의판타지아	NNG
고백	NNG
4월이야기	NNG
내일을위한시간	NNG
멀홀랜드드라이브	NNG
서칭포슈가맨	NNG
키즈리턴	NNG
갱스오브뉴욕	NNG
시저는죽어야한다	NNG
자토이치	NNG
아메리칸허슬	NNG
오직사랑하는이들만이살아남는다	NNG
아멜리에	NNG
아가씨	NNG
펀치드렁크러브	NNG
하나와앨리스	NNG
주토피아	NNG
달라스바이어스클럽	NNG
매그놀리아	NNG
폭스캐처	NNG
스타워즈깨어난포스	NNG
스타워즈시스의복수	NNG
스타워즈새로운희망	NNG
이터널선샤인	NNG
마션	NNG
301302	NNG
기쿠지로의여름	NNG
혹성탈출반격의서막	NNG
스플라이스	NNG
신데렐라	NNG
주먹왕랄프	NNG
옥희의영화	NNG
몬스터대학교	NNG
라바	NNG
팅커테일러솔저스파이	NNG
인사이드아웃	NNG
걸어도걸어도	NNG
심야식당	NNG
크로우즈제로	NNG
어벤져스에이지오브울트론	NNG
비긴어게인	NNG
그들각자의영화관	NNG
대학살의신	NNG
마담프루스트의비밀정원	NNG
콘택트	NNG
007스카이폴	NNG
창문넘어도망친100세노인	NNG
믿거나말거나찬드라의경우	NNG
도그빌	NNG
알파벳	NNG
여섯개의형상들	NNG
토탈리콜	NNG
붉은돼지	NNG
닥터스트레인지러브	NNG
죽은시인의사회	NNG
미스트	NNG
조디악	NNG
1시	NNG
2시	NNG
3시	NNG
4시	NNG
5시	NNG
6시	NNG
7시	NNG
8시	NNG
9시	NNG
10시	NNG
11시	NNG
12시	NNG
13시	NNG
14시	NNG
15시	NNG
16시	NNG
17시	NNG
18시	NNG
19시	NNG
20시	NNG
21시	NNG
22시	NNG
23시	NNG
24시	NNG
0분	NNG
1분	NNG
2분	NNG
3분	NNG
4분	NNG
5분	NNG
6분	NNG
7분	NNG
8분	NNG
9분	NNG
10분	NNG
11분	NNG
12분	NNG
13분	NNG
14분	NNG
15분	NNG
16분	NNG
17분	NNG
18분	NNG
19분	NNG
20분	NNG
21분	NNG
22분	NNG
23분	NNG
24분	NNG
25분	NNG
26분	NNG
27분	NNG
28분	NNG
29분	NNG
30분	NNG
31분	NNG
32분	NNG
33분	NNG
34분	NNG
35분	NNG
36분	NNG
37분	NNG
38분	NNG
39분	NNG
40분	NNG
41분	NNG
42분	NNG
43분	NNG
44분	NNG
45분	NNG
46분	NNG
47분	NNG
48분	NNG
49분	NNG
50분	NNG
51분	NNG
52분	NNG
53분	NNG
54분	NNG
55분	NNG
56분	NNG
57분	NNG
58분	NNG
59분	NNG